Hotel Name,Rating Score,Rating Value,Number of Reviews
Golden Beach Resort,8.3,Very good,"3,898 reviews"
Mashrabiya Hotel,4.3,Review score,29 reviews
Palma Resort Suites Hurghada,7.0,Good,4 reviews
Arabella Azur Resort,8.2,Very good,"1,989 reviews"
Panorama Bungalows Resort El Gouna,8.7,Fabulous,"2,375 reviews"
Bel Air Azur Resort (Adults Only),8.2,Very good,"2,681 reviews"
Sindbad Club,8.5,Very good,854 reviews
Hurghada Marriott Red Sea Beach Resort,8.4,Very good,"1,981 reviews"
Old Palace Resort Sahl Hasheesh,8.1,Very good,"3,350 reviews"
Hilton Hurghada Plaza Hotel,8.1,Very good,"1,804 reviews"
